Patient_Id,PatientName,email,gender,address,phonenumber
1,Nikolia Crockford,ncrockford0@1und1.de,Female,02 Pepper Wood Road,+967 600 747 8174
2,Rebecka Bluschke,rbluschke1@discuz.net,Female,4767 Ryan Crossing,+86 727 172 5820
3,Gordan Silk,gsilk2@google.pl,Female,8076 Kropf Hill,+66 895 954 3480
4,Angelica Tape,atape3@google.ca,Male,94804 4th Trail,+46 470 981 4319
5,Gerrie Pales,gpales4@g.co,Male,63256 Karstens Parkway,+86 159 351 2570
6,Daveen Castagnet,dcastagnet5@sphinn.com,Female,0 Lotheville Circle,+62 721 665 5507
7,Toiboid Munnion,tmunnion6@i2i.jp,Female,36023 Maple Wood Center,+66 367 537 3933
8,Ursula Leat,uleat7@tuttocitta.it,Female,86 Village Center,+81 205 939 2056
9,Claudina Bahl,cbahl8@weibo.com,Female,073 Goodland Park,+33 689 534 3421
10,Alameda Killich,akillich9@homestead.com,Female,857 Haas Center,+351 545 299 5457
11,Valaria Happel,vhappela@redcross.org,Female,3 Elka Parkway,+48 485 110 7658
12,Kiel Horsefield,khorsefieldb@businessweek.com,Male,6323 Maryland Terrace,+84 961 779 4318
13,Dorita Smallpiece,dsmallpiecec@squarespace.com,Female,64417 Cody Park,+55 485 616 5214
14,Carce Buckoke,cbuckoked@weather.com,Male,43 Center Trail,+62 279 196 3171
15,Heda Arpe,harpee@slate.com,Female,2 International Street,+351 416 719 3216
16,Greg Roux,grouxf@example.com,Male,70 Stang Place,+850 106 319 8375
17,Arabele Goning,agoningg@e-recht24.de,Female,753 Lakewood Junction,+62 779 324 5418
18,Nanni Wiffill,nwiffillh@odnoklassniki.ru,Female,45238 Oakridge Alley,+48 571 425 4920
19,Cordi Deans,cdeansi@npr.org,Agender,5 Homewood Road,+30 428 742 9964
20,Boothe Kalvin,bkalvinj@blogger.com,Male,033 Springview Pass,+86 938 553 0786
21,Troy Geipel,tgeipelk@dot.gov,Male,55225 Green Ridge Circle,+48 839 344 4990
22,Durand O'Heagertie,doheagertiel@4shared.com,Male,21014 Burning Wood Crossing,+252 676 402 5266
23,Virginia Ioselev,vioselevm@wikipedia.org,Female,873 Browning Point,+62 796 806 1318
24,Garald Filisov,gfilisovn@cnbc.com,Male,7 Petterle Point,+351 675 660 7443
25,Bonnee Mabon,bmabono@so-net.ne.jp,Female,774 Michigan Alley,+359 743 860 5424
26,Janeva Kernermann,jkernermannp@hc360.com,Female,714 Rockefeller Crossing,+49 293 617 6044
27,Krista Liddiard,kliddiardq@paginegialle.it,Female,26958 Buena Vista Pass,+380 323 799 0091
28,Daryl Aguirre,daguirrer@arstechnica.com,Female,79 Annamark Circle,+358 785 795 4550
29,Lucais Brolechan,lbrolechans@wufoo.com,Male,1 Fair Oaks Street,+351 460 979 7715
30,Tiffi Doulden,tdouldent@mlb.com,Female,31524 Cody Point,+420 620 844 7061
31,Reeva Serck,rsercku@ycombinator.com,Female,26800 Shelley Park,+374 156 864 6700
32,Vale McNickle,vmcnicklev@usnews.com,Male,421 Carioca Lane,+81 712 241 1461
33,Eirena Hedau,ehedauw@youtu.be,Female,561 Rusk Park,+1 881 251 5079
34,Rodolph Rosling,rroslingx@liveinternet.ru,Male,9 Center Hill,+86 411 617 8306
35,Ebeneser Chastand,echastandy@bbc.co.uk,Female,8 Bashford Avenue,+39 942 615 8543
36,Deborah Pretious,dpretiousz@hc360.com,Female,17655 1st Court,+86 757 727 4579
37,Sada Cumo,scumo10@diigo.com,Female,5209 Holmberg Center,+47 711 174 1521
38,Kellsie Pedler,kpedler11@nyu.edu,Female,36 Petterle Avenue,+54 868 475 3168
39,Phyllys Bugdale,pbugdale12@indiegogo.com,Female,443 Lerdahl Avenue,+34 135 408 8551
40,Errick Gibbett,egibbett13@list-manage.com,Male,7 Kensington Point,+46 344 893 3321
41,Natale Freshwater,nfreshwater14@aol.com,Male,7 Sauthoff Center,+62 337 429 4546
42,Ewell Fanti,efanti15@angelfire.com,Male,79502 Mayer Circle,+62 463 147 8875
43,Merissa Meharry,mmeharry16@msu.edu,Bigender,722 Porter Hill,+359 978 453 3071
44,Constantina Wapplington,cwapplington17@nyu.edu,Female,7 Dakota Alley,+62 928 316 7532
45,Kyle Kuhlen,kkuhlen18@huffingtonpost.com,Male,8 Shoshone Street,+48 207 867 9923
46,Fabien Kocher,fkocher19@newyorker.com,Male,5 Union Crossing,+383 415 435 2996
47,Eydie Alderton,ealderton1a@google.ca,Female,4502 Ridgeway Center,+86 398 355 6641
48,Sutherlan Beattie,sbeattie1b@wsj.com,Male,4547 Almo Street,+33 660 514 1483
49,Horatia Longcaster,hlongcaster1c@soundcloud.com,Female,7084 Longview Alley,+7 911 155 9563
50,Junina Cozby,jcozby1d@imdb.com,Female,239 Michigan Trail,+81 169 369 2430